#k	Lambda	logpmf
2	0	19147.25310736033
2	0.01	19562.560985557
3	0	18455.938679919047
3	0.01	18480.893019950767
