#k	Lambda	logpmf
2	0	330.3940488243089
2	0.01	326.72775100796423
