#k	Lambda	logpmf
2	0.7	324.26926349691905
3	0.7	1694.3382882943201
