#k	Lambda	logpmf
3	0	25693.388657270763
3	0.01	25693.388657270763
3	0.05	25693.388657270763
3	0.1	25693.388657270763
3	0.2	25693.388657270763
4	0	8727.025881283544
4	0.01	8721.522095915745
4	0.05	8605.528452139668
4	0.1	8717.683889764832
4	0.2	8512.854100367145
5	0	25171.28502557587
5	0.01	25171.28502557587
5	0.05	25171.28502557587
5	0.1	25171.28502557587
5	0.2	25171.285025575868
