#k	Lambda	logpmf
2	0	5092066.538146034
2	0.01	5151252.49855301
2	0.05	2485450.0987150385
2	0.1	3818739.358554422
2	0.2	3394216.6247505196
3	0	2849630.5334636406
3	0.01	3576129.7875371277
3	0.05	4302747.382459804
3	0.1	4787137.082583627
3	0.2	3939045.40578153
