#k	Lambda	logpmf
2	0	9465.94412998445
2	0.01	9432.79495160875
2	0.05	9435.842419297358
2	0.1	9440.047500032899
2	0.2	9443.96681285229
3	0	23640.854591596628
3	0.01	23640.854591596628
3	0.05	23640.854591596628
3	0.1	23640.854591596628
3	0.2	23640.854591596628
